<?xml version="1.0" encoding="UTF-8"?>
<config xmlns="http://www.knime.org/2008/09/XMLConfig" xmlns:xsi="http://www.w3.org/2001/XMLSchema-instance" xsi:schemaLocation="http://www.knime.org/2008/09/XMLConfig http://www.knime.org/XMLConfig_2008_09.xsd" key="MiningSchema">
    <config key="learning">
        <entry key="array-size" type="xint" value="11"/>
        <entry key="0" type="xstring" value="Case Severity"/>
        <entry key="1" type="xstring" value="Case Num_Vehicles"/>
        <entry key="2" type="xstring" value="Case Collision Config"/>
        <entry key="3" type="xstring" value="Case Road Config"/>
        <entry key="4" type="xstring" value="Case Weather"/>
        <entry key="5" type="xstring" value="Vehicle Type"/>
        <entry key="6" type="xstring" value="Person Sex"/>
        <entry key="7" type="xstring" value="Person Age"/>
        <entry key="8" type="xstring" value="Person Vehicle Position"/>
        <entry key="9" type="xstring" value="Person Safety Gear"/>
        <entry key="10" type="xstring" value="Vehicle Age"/>
    </config>
    <config key="target">
        <entry key="array-size" type="xint" value="1"/>
        <entry key="0" type="xstring" value="Person Injury Severity"/>
    </config>
</config>
