<?xml version="1.0" encoding="UTF-8"?>
<config xmlns="http://www.knime.org/2008/09/XMLConfig" xmlns:xsi="http://www.w3.org/2001/XMLSchema-instance" xsi:schemaLocation="http://www.knime.org/2008/09/XMLConfig http://www.knime.org/XMLConfig_2008_09.xsd" key="model.xml">
    <entry key="version" type="xint" value="1"/>
    <entry key="class_name" type="xstring" value="org.knime.base.data.normalize.NormalizerPortObject"/>
    <config key="model">
        <config key="columns">
            <config key="Avg. Area Income">
                <entry key="column_name" type="xstring" value="Avg. Area Income"/>
                <entry key="column_scale" type="xdouble" value="1.747510099011106E-5"/>
                <entry key="column_translate" type="xdouble" value="-0.6993565699912314"/>
                <entry key="column_min" type="xdouble" value="0.0"/>
                <entry key="column_max" type="xdouble" value="1.0"/>
            </config>
            <config key="Avg. Area House Age">
                <entry key="column_name" type="xstring" value="Avg. Area House Age"/>
                <entry key="column_scale" type="xdouble" value="0.14545911805238676"/>
                <entry key="column_translate" type="xdouble" value="-0.38463815476313357"/>
                <entry key="column_min" type="xdouble" value="0.0"/>
                <entry key="column_max" type="xdouble" value="1.0"/>
            </config>
            <config key="Avg. Area Number of Rooms">
                <entry key="column_name" type="xstring" value="Avg. Area Number of Rooms"/>
                <entry key="column_scale" type="xdouble" value="0.13291872769939297"/>
                <entry key="column_translate" type="xdouble" value="-0.43015079218219066"/>
                <entry key="column_min" type="xdouble" value="0.0"/>
                <entry key="column_max" type="xdouble" value="1.0"/>
            </config>
            <config key="Avg. Area Number of Bedrooms">
                <entry key="column_name" type="xstring" value="Avg. Area Number of Bedrooms"/>
                <entry key="column_scale" type="xdouble" value="0.2222222222222222"/>
                <entry key="column_translate" type="xdouble" value="-0.4444444444444444"/>
                <entry key="column_min" type="xdouble" value="0.0"/>
                <entry key="column_max" type="xdouble" value="1.0"/>
            </config>
            <config key="Area Population">
                <entry key="column_name" type="xstring" value="Area Population"/>
                <entry key="column_scale" type="xdouble" value="1.856599320598615E-5"/>
                <entry key="column_translate" type="xdouble" value="-0.17090798356334438"/>
                <entry key="column_min" type="xdouble" value="0.0"/>
                <entry key="column_max" type="xdouble" value="1.0"/>
            </config>
            <config key="Price">
                <entry key="column_name" type="xstring" value="Price"/>
                <entry key="column_scale" type="xdouble" value="5.27344137324336E-7"/>
                <entry key="column_translate" type="xdouble" value="-0.15102263696701235"/>
                <entry key="column_min" type="xdouble" value="0.0"/>
                <entry key="column_max" type="xdouble" value="1.0"/>
            </config>
            <config key="Prediction (Price)">
                <entry key="column_name" type="xstring" value="Prediction (Price)"/>
                <entry key="column_scale" type="xdouble" value="5.27344137324336E-7"/>
                <entry key="column_translate" type="xdouble" value="-0.15102263696701235"/>
                <entry key="column_min" type="xdouble" value="0.0"/>
                <entry key="column_max" type="xdouble" value="1.0"/>
            </config>
        </config>
        <entry key="summary" type="xstring" value="Min/Max (0.0, 1) normalization on 7 column(s)"/>
    </config>
</config>
