<?xml version="1.0" encoding="UTF-8"?>
<config xmlns="http://www.knime.org/2008/09/XMLConfig" xmlns:xsi="http://www.w3.org/2001/XMLSchema-instance" xsi:schemaLocation="http://www.knime.org/2008/09/XMLConfig http://www.knime.org/XMLConfig_2008_09.xsd" key="model.xml">
    <entry key="version" type="xint" value="1"/>
    <entry key="class_name" type="xstring" value="org.knime.base.node.mine.treeensemble2.model.TreeEnsembleModelPortObjectSpec"/>
    <config key="model">
        <config key="learnSpec">
            <entry key="spec_name" type="xstring" value="default"/>
            <entry key="number_columns" type="xint" value="12"/>
            <config key="column_spec_0">
                <entry key="column_name" type="xstring" value="Case Severity"/>
                <config key="element_names">
                    <entry key="array-size" type="xint" value="0"/>
                </config>
                <config key="column_type">
                    <entry key="cell_class" type="xstring" value="org.knime.core.data.def.StringCell"/>
                </config>
                <config key="column_domain">
                    <config key="possible_values">
                        <entry key="array-size" type="xint" value="2"/>
                        <config key="0">
                            <entry key="datacell" type="xstring" value="org.knime.core.data.def.StringCell"/>
                            <config key="org.knime.core.data.def.StringCell">
                                <entry key="StringCell" type="xstring" value="No Fatalities"/>
                            </config>
                        </config>
                        <config key="1">
                            <entry key="datacell" type="xstring" value="org.knime.core.data.def.StringCell"/>
                            <config key="org.knime.core.data.def.StringCell">
                                <entry key="StringCell" type="xstring" value="One or more Fatalities"/>
                            </config>
                        </config>
                    </config>
                </config>
                <config key="column_properties"/>
                <config key="meta_data"/>
            </config>
            <config key="column_spec_1">
                <entry key="column_name" type="xstring" value="Case Num_Vehicles"/>
                <config key="element_names">
                    <entry key="array-size" type="xint" value="0"/>
                </config>
                <config key="column_type">
                    <entry key="cell_class" type="xstring" value="org.knime.core.data.def.IntCell"/>
                </config>
                <config key="column_domain">
                    <config key="lower_bound">
                        <entry key="datacell" type="xstring" value="org.knime.core.data.def.IntCell"/>
                        <config key="org.knime.core.data.def.IntCell">
                            <entry key="IntCell" type="xint" value="1"/>
                        </config>
                    </config>
                    <config key="upper_bound">
                        <entry key="datacell" type="xstring" value="org.knime.core.data.def.IntCell"/>
                        <config key="org.knime.core.data.def.IntCell">
                            <entry key="IntCell" type="xint" value="70"/>
                        </config>
                    </config>
                </config>
                <config key="column_properties"/>
                <config key="meta_data"/>
            </config>
            <config key="column_spec_2">
                <entry key="column_name" type="xstring" value="Case Collision Config"/>
                <config key="element_names">
                    <entry key="array-size" type="xint" value="0"/>
                </config>
                <config key="column_type">
                    <entry key="cell_class" type="xstring" value="org.knime.core.data.def.StringCell"/>
                </config>
                <config key="column_domain">
                    <config key="possible_values">
                        <entry key="array-size" type="xint" value="20"/>
                        <config key="0">
                            <entry key="datacell" type="xstring" value="org.knime.core.data.def.StringCell"/>
                            <config key="org.knime.core.data.def.StringCell">
                                <entry key="StringCell" type="xstring" value="2VDD - Approaching Side Swipe"/>
                            </config>
                        </config>
                        <config key="1">
                            <entry key="datacell" type="xstring" value="org.knime.core.data.def.StringCell"/>
                            <config key="org.knime.core.data.def.StringCell">
                                <entry key="StringCell" type="xstring" value="1V - Ran off Right Shoulder"/>
                            </config>
                        </config>
                        <config key="2">
                            <entry key="datacell" type="xstring" value="org.knime.core.data.def.StringCell"/>
                            <config key="org.knime.core.data.def.StringCell">
                                <entry key="StringCell" type="xstring" value="2VDD - Left Turn Across Traffic"/>
                            </config>
                        </config>
                        <config key="3">
                            <entry key="datacell" type="xstring" value="org.knime.core.data.def.StringCell"/>
                            <config key="org.knime.core.data.def.StringCell">
                                <entry key="StringCell" type="xstring" value="1V - Rollover on roadway"/>
                            </config>
                        </config>
                        <config key="4">
                            <entry key="datacell" type="xstring" value="org.knime.core.data.def.StringCell"/>
                            <config key="org.knime.core.data.def.StringCell">
                                <entry key="StringCell" type="xstring" value="1V - Ran off Left Shoulder"/>
                            </config>
                        </config>
                        <config key="5">
                            <entry key="datacell" type="xstring" value="org.knime.core.data.def.StringCell"/>
                            <config key="org.knime.core.data.def.StringCell">
                                <entry key="StringCell" type="xstring" value="2VSD - Right Turn Conflict"/>
                            </config>
                        </config>
                        <config key="6">
                            <entry key="datacell" type="xstring" value="org.knime.core.data.def.StringCell"/>
                            <config key="org.knime.core.data.def.StringCell">
                                <entry key="StringCell" type="xstring" value="2VSD - Rear-End"/>
                            </config>
                        </config>
                        <config key="7">
                            <entry key="datacell" type="xstring" value="org.knime.core.data.def.StringCell"/>
                            <config key="org.knime.core.data.def.StringCell">
                                <entry key="StringCell" type="xstring" value="1V - Hit Moving Object"/>
                            </config>
                        </config>
                        <config key="8">
                            <entry key="datacell" type="xstring" value="org.knime.core.data.def.StringCell"/>
                            <config key="org.knime.core.data.def.StringCell">
                                <entry key="StringCell" type="xstring" value="2VDD - Head-On"/>
                            </config>
                        </config>
                        <config key="9">
                            <entry key="datacell" type="xstring" value="org.knime.core.data.def.StringCell"/>
                            <config key="org.knime.core.data.def.StringCell">
                                <entry key="StringCell" type="xstring" value="Other"/>
                            </config>
                        </config>
                        <config key="10">
                            <entry key="datacell" type="xstring" value="org.knime.core.data.def.StringCell"/>
                            <config key="org.knime.core.data.def.StringCell">
                                <entry key="StringCell" type="xstring" value="2VSD - Left Turn Conflict"/>
                            </config>
                        </config>
                        <config key="11">
                            <entry key="datacell" type="xstring" value="org.knime.core.data.def.StringCell"/>
                            <config key="org.knime.core.data.def.StringCell">
                                <entry key="StringCell" type="xstring" value="1V - Hit Stationary Object"/>
                            </config>
                        </config>
                        <config key="12">
                            <entry key="datacell" type="xstring" value="org.knime.core.data.def.StringCell"/>
                            <config key="org.knime.core.data.def.StringCell">
                                <entry key="StringCell" type="xstring" value="2VDD - Right Angle"/>
                            </config>
                        </config>
                        <config key="13">
                            <entry key="datacell" type="xstring" value="org.knime.core.data.def.StringCell"/>
                            <config key="org.knime.core.data.def.StringCell">
                                <entry key="StringCell" type="xstring" value="2VDD - Right Turn Conflict"/>
                            </config>
                        </config>
                        <config key="14">
                            <entry key="datacell" type="xstring" value="org.knime.core.data.def.StringCell"/>
                            <config key="org.knime.core.data.def.StringCell">
                                <entry key="StringCell" type="xstring" value="1V - Other"/>
                            </config>
                        </config>
                        <config key="15">
                            <entry key="datacell" type="xstring" value="org.knime.core.data.def.StringCell"/>
                            <config key="org.knime.core.data.def.StringCell">
                                <entry key="StringCell" type="xstring" value="2VDD - Other"/>
                            </config>
                        </config>
                        <config key="16">
                            <entry key="datacell" type="xstring" value="org.knime.core.data.def.StringCell"/>
                            <config key="org.knime.core.data.def.StringCell">
                                <entry key="StringCell" type="xstring" value="2VSD - Side Swipe"/>
                            </config>
                        </config>
                        <config key="17">
                            <entry key="datacell" type="xstring" value="org.knime.core.data.def.StringCell"/>
                            <config key="org.knime.core.data.def.StringCell">
                                <entry key="StringCell" type="xstring" value="Hit a Parked Vehicle"/>
                            </config>
                        </config>
                        <config key="18">
                            <entry key="datacell" type="xstring" value="org.knime.core.data.def.StringCell"/>
                            <config key="org.knime.core.data.def.StringCell">
                                <entry key="StringCell" type="xstring" value="Unknow"/>
                            </config>
                        </config>
                        <config key="19">
                            <entry key="datacell" type="xstring" value="org.knime.core.data.def.StringCell"/>
                            <config key="org.knime.core.data.def.StringCell">
                                <entry key="StringCell" type="xstring" value="2VSD - Other"/>
                            </config>
                        </config>
                    </config>
                </config>
                <config key="column_properties"/>
                <config key="meta_data"/>
            </config>
            <config key="column_spec_3">
                <entry key="column_name" type="xstring" value="Case Road Config"/>
                <config key="element_names">
                    <entry key="array-size" type="xint" value="0"/>
                </config>
                <config key="column_type">
                    <entry key="cell_class" type="xstring" value="org.knime.core.data.def.StringCell"/>
                </config>
                <config key="column_domain">
                    <config key="possible_values">
                        <entry key="array-size" type="xint" value="12"/>
                        <config key="0">
                            <entry key="datacell" type="xstring" value="org.knime.core.data.def.StringCell"/>
                            <config key="org.knime.core.data.def.StringCell">
                                <entry key="StringCell" type="xstring" value="Non-intersection"/>
                            </config>
                        </config>
                        <config key="1">
                            <entry key="datacell" type="xstring" value="org.knime.core.data.def.StringCell"/>
                            <config key="org.knime.core.data.def.StringCell">
                                <entry key="StringCell" type="xstring" value="Roadway Intersection"/>
                            </config>
                        </config>
                        <config key="2">
                            <entry key="datacell" type="xstring" value="org.knime.core.data.def.StringCell"/>
                            <config key="org.knime.core.data.def.StringCell">
                                <entry key="StringCell" type="xstring" value="Unkown"/>
                            </config>
                        </config>
                        <config key="3">
                            <entry key="datacell" type="xstring" value="org.knime.core.data.def.StringCell"/>
                            <config key="org.knime.core.data.def.StringCell">
                                <entry key="StringCell" type="xstring" value="Entrance/Exit Intersection"/>
                            </config>
                        </config>
                        <config key="4">
                            <entry key="datacell" type="xstring" value="org.knime.core.data.def.StringCell"/>
                            <config key="org.knime.core.data.def.StringCell">
                                <entry key="StringCell" type="xstring" value="Passing or climbing lane"/>
                            </config>
                        </config>
                        <config key="5">
                            <entry key="datacell" type="xstring" value="org.knime.core.data.def.StringCell"/>
                            <config key="org.knime.core.data.def.StringCell">
                                <entry key="StringCell" type="xstring" value="Other"/>
                            </config>
                        </config>
                        <config key="6">
                            <entry key="datacell" type="xstring" value="org.knime.core.data.def.StringCell"/>
                            <config key="org.knime.core.data.def.StringCell">
                                <entry key="StringCell" type="xstring" value="Bridge, overpass, viaduct"/>
                            </config>
                        </config>
                        <config key="7">
                            <entry key="datacell" type="xstring" value="org.knime.core.data.def.StringCell"/>
                            <config key="org.knime.core.data.def.StringCell">
                                <entry key="StringCell" type="xstring" value="Railroad level crossing"/>
                            </config>
                        </config>
                        <config key="8">
                            <entry key="datacell" type="xstring" value="org.knime.core.data.def.StringCell"/>
                            <config key="org.knime.core.data.def.StringCell">
                                <entry key="StringCell" type="xstring" value="Ramp"/>
                            </config>
                        </config>
                        <config key="9">
                            <entry key="datacell" type="xstring" value="org.knime.core.data.def.StringCell"/>
                            <config key="org.knime.core.data.def.StringCell">
                                <entry key="StringCell" type="xstring" value="Tunnel or underpass"/>
                            </config>
                        </config>
                        <config key="10">
                            <entry key="datacell" type="xstring" value="org.knime.core.data.def.StringCell"/>
                            <config key="org.knime.core.data.def.StringCell">
                                <entry key="StringCell" type="xstring" value="Traffic circle"/>
                            </config>
                        </config>
                        <config key="11">
                            <entry key="datacell" type="xstring" value="org.knime.core.data.def.StringCell"/>
                            <config key="org.knime.core.data.def.StringCell">
                                <entry key="StringCell" type="xstring" value="Express lane of a freeway"/>
                            </config>
                        </config>
                    </config>
                </config>
                <config key="column_properties"/>
                <config key="meta_data"/>
            </config>
            <config key="column_spec_4">
                <entry key="column_name" type="xstring" value="Case Weather"/>
                <config key="element_names">
                    <entry key="array-size" type="xint" value="0"/>
                </config>
                <config key="column_type">
                    <entry key="cell_class" type="xstring" value="org.knime.core.data.def.StringCell"/>
                </config>
                <config key="column_domain">
                    <config key="possible_values">
                        <entry key="array-size" type="xint" value="9"/>
                        <config key="0">
                            <entry key="datacell" type="xstring" value="org.knime.core.data.def.StringCell"/>
                            <config key="org.knime.core.data.def.StringCell">
                                <entry key="StringCell" type="xstring" value="Clear and Sunny"/>
                            </config>
                        </config>
                        <config key="1">
                            <entry key="datacell" type="xstring" value="org.knime.core.data.def.StringCell"/>
                            <config key="org.knime.core.data.def.StringCell">
                                <entry key="StringCell" type="xstring" value="Overcast/Cloudy"/>
                            </config>
                        </config>
                        <config key="2">
                            <entry key="datacell" type="xstring" value="org.knime.core.data.def.StringCell"/>
                            <config key="org.knime.core.data.def.StringCell">
                                <entry key="StringCell" type="xstring" value="Snowing"/>
                            </config>
                        </config>
                        <config key="3">
                            <entry key="datacell" type="xstring" value="org.knime.core.data.def.StringCell"/>
                            <config key="org.knime.core.data.def.StringCell">
                                <entry key="StringCell" type="xstring" value="Raining"/>
                            </config>
                        </config>
                        <config key="4">
                            <entry key="datacell" type="xstring" value="org.knime.core.data.def.StringCell"/>
                            <config key="org.knime.core.data.def.StringCell">
                                <entry key="StringCell" type="xstring" value="Freezing rain, sleet, hail"/>
                            </config>
                        </config>
                        <config key="5">
                            <entry key="datacell" type="xstring" value="org.knime.core.data.def.StringCell"/>
                            <config key="org.knime.core.data.def.StringCell">
                                <entry key="StringCell" type="xstring" value="Visibility limitation"/>
                            </config>
                        </config>
                        <config key="6">
                            <entry key="datacell" type="xstring" value="org.knime.core.data.def.StringCell"/>
                            <config key="org.knime.core.data.def.StringCell">
                                <entry key="StringCell" type="xstring" value="Strong wind"/>
                            </config>
                        </config>
                        <config key="7">
                            <entry key="datacell" type="xstring" value="org.knime.core.data.def.StringCell"/>
                            <config key="org.knime.core.data.def.StringCell">
                                <entry key="StringCell" type="xstring" value="Unkown"/>
                            </config>
                        </config>
                        <config key="8">
                            <entry key="datacell" type="xstring" value="org.knime.core.data.def.StringCell"/>
                            <config key="org.knime.core.data.def.StringCell">
                                <entry key="StringCell" type="xstring" value="Other"/>
                            </config>
                        </config>
                    </config>
                </config>
                <config key="column_properties"/>
                <config key="meta_data"/>
            </config>
            <config key="column_spec_5">
                <entry key="column_name" type="xstring" value="Vehicle Type"/>
                <config key="element_names">
                    <entry key="array-size" type="xint" value="0"/>
                </config>
                <config key="column_type">
                    <entry key="cell_class" type="xstring" value="org.knime.core.data.def.StringCell"/>
                </config>
                <config key="column_domain">
                    <config key="possible_values">
                        <entry key="array-size" type="xint" value="20"/>
                        <config key="0">
                            <entry key="datacell" type="xstring" value="org.knime.core.data.def.StringCell"/>
                            <config key="org.knime.core.data.def.StringCell">
                                <entry key="StringCell" type="xstring" value="Light Duty Vehicle"/>
                            </config>
                        </config>
                        <config key="1">
                            <entry key="datacell" type="xstring" value="org.knime.core.data.def.StringCell"/>
                            <config key="org.knime.core.data.def.StringCell">
                                <entry key="StringCell" type="xstring" value="Not Applicable"/>
                            </config>
                        </config>
                        <config key="2">
                            <entry key="datacell" type="xstring" value="org.knime.core.data.def.StringCell"/>
                            <config key="org.knime.core.data.def.StringCell">
                                <entry key="StringCell" type="xstring" value="Cargo Van"/>
                            </config>
                        </config>
                        <config key="3">
                            <entry key="datacell" type="xstring" value="org.knime.core.data.def.StringCell"/>
                            <config key="org.knime.core.data.def.StringCell">
                                <entry key="StringCell" type="xstring" value="Other Truck or Cargo Van"/>
                            </config>
                        </config>
                        <config key="4">
                            <entry key="datacell" type="xstring" value="org.knime.core.data.def.StringCell"/>
                            <config key="org.knime.core.data.def.StringCell">
                                <entry key="StringCell" type="xstring" value="Other"/>
                            </config>
                        </config>
                        <config key="5">
                            <entry key="datacell" type="xstring" value="org.knime.core.data.def.StringCell"/>
                            <config key="org.knime.core.data.def.StringCell">
                                <entry key="StringCell" type="xstring" value="Construction equipment"/>
                            </config>
                        </config>
                        <config key="6">
                            <entry key="datacell" type="xstring" value="org.knime.core.data.def.StringCell"/>
                            <config key="org.knime.core.data.def.StringCell">
                                <entry key="StringCell" type="xstring" value="Road tractor"/>
                            </config>
                        </config>
                        <config key="7">
                            <entry key="datacell" type="xstring" value="org.knime.core.data.def.StringCell"/>
                            <config key="org.knime.core.data.def.StringCell">
                                <entry key="StringCell" type="xstring" value="Heavy Unit Truck"/>
                            </config>
                        </config>
                        <config key="8">
                            <entry key="datacell" type="xstring" value="org.knime.core.data.def.StringCell"/>
                            <config key="org.knime.core.data.def.StringCell">
                                <entry key="StringCell" type="xstring" value="Snowmobile"/>
                            </config>
                        </config>
                        <config key="9">
                            <entry key="datacell" type="xstring" value="org.knime.core.data.def.StringCell"/>
                            <config key="org.knime.core.data.def.StringCell">
                                <entry key="StringCell" type="xstring" value="Bicycle"/>
                            </config>
                        </config>
                        <config key="10">
                            <entry key="datacell" type="xstring" value="org.knime.core.data.def.StringCell"/>
                            <config key="org.knime.core.data.def.StringCell">
                                <entry key="StringCell" type="xstring" value="Urban and Intercity Bus"/>
                            </config>
                        </config>
                        <config key="11">
                            <entry key="datacell" type="xstring" value="org.knime.core.data.def.StringCell"/>
                            <config key="org.knime.core.data.def.StringCell">
                                <entry key="StringCell" type="xstring" value="School bus"/>
                            </config>
                        </config>
                        <config key="12">
                            <entry key="datacell" type="xstring" value="org.knime.core.data.def.StringCell"/>
                            <config key="org.knime.core.data.def.StringCell">
                                <entry key="StringCell" type="xstring" value="Fire engine"/>
                            </config>
                        </config>
                        <config key="13">
                            <entry key="datacell" type="xstring" value="org.knime.core.data.def.StringCell"/>
                            <config key="org.knime.core.data.def.StringCell">
                                <entry key="StringCell" type="xstring" value="Unkown"/>
                            </config>
                        </config>
                        <config key="14">
                            <entry key="datacell" type="xstring" value="org.knime.core.data.def.StringCell"/>
                            <config key="org.knime.core.data.def.StringCell">
                                <entry key="StringCell" type="xstring" value="Streetcar"/>
                            </config>
                        </config>
                        <config key="15">
                            <entry key="datacell" type="xstring" value="org.knime.core.data.def.StringCell"/>
                            <config key="org.knime.core.data.def.StringCell">
                                <entry key="StringCell" type="xstring" value="Off road vehicles"/>
                            </config>
                        </config>
                        <config key="16">
                            <entry key="datacell" type="xstring" value="org.knime.core.data.def.StringCell"/>
                            <config key="org.knime.core.data.def.StringCell">
                                <entry key="StringCell" type="xstring" value="Motorcycle and moped"/>
                            </config>
                        </config>
                        <config key="17">
                            <entry key="datacell" type="xstring" value="org.knime.core.data.def.StringCell"/>
                            <config key="org.knime.core.data.def.StringCell">
                                <entry key="StringCell" type="xstring" value="Purpose-built motorhome"/>
                            </config>
                        </config>
                        <config key="18">
                            <entry key="datacell" type="xstring" value="org.knime.core.data.def.StringCell"/>
                            <config key="org.knime.core.data.def.StringCell">
                                <entry key="StringCell" type="xstring" value="Farm equipment"/>
                            </config>
                        </config>
                        <config key="19">
                            <entry key="datacell" type="xstring" value="org.knime.core.data.def.StringCell"/>
                            <config key="org.knime.core.data.def.StringCell">
                                <entry key="StringCell" type="xstring" value="Smaller school bus"/>
                            </config>
                        </config>
                    </config>
                </config>
                <config key="column_properties"/>
                <config key="meta_data"/>
            </config>
            <config key="column_spec_6">
                <entry key="column_name" type="xstring" value="Person Sex"/>
                <config key="element_names">
                    <entry key="array-size" type="xint" value="0"/>
                </config>
                <config key="column_type">
                    <entry key="cell_class" type="xstring" value="org.knime.core.data.def.StringCell"/>
                </config>
                <config key="column_domain">
                    <config key="possible_values">
                        <entry key="array-size" type="xint" value="4"/>
                        <config key="0">
                            <entry key="datacell" type="xstring" value="org.knime.core.data.def.StringCell"/>
                            <config key="org.knime.core.data.def.StringCell">
                                <entry key="StringCell" type="xstring" value="F"/>
                            </config>
                        </config>
                        <config key="1">
                            <entry key="datacell" type="xstring" value="org.knime.core.data.def.StringCell"/>
                            <config key="org.knime.core.data.def.StringCell">
                                <entry key="StringCell" type="xstring" value="U"/>
                            </config>
                        </config>
                        <config key="2">
                            <entry key="datacell" type="xstring" value="org.knime.core.data.def.StringCell"/>
                            <config key="org.knime.core.data.def.StringCell">
                                <entry key="StringCell" type="xstring" value="M"/>
                            </config>
                        </config>
                        <config key="3">
                            <entry key="datacell" type="xstring" value="org.knime.core.data.def.StringCell"/>
                            <config key="org.knime.core.data.def.StringCell">
                                <entry key="StringCell" type="xstring" value="N"/>
                            </config>
                        </config>
                    </config>
                </config>
                <config key="column_properties"/>
                <config key="meta_data"/>
            </config>
            <config key="column_spec_7">
                <entry key="column_name" type="xstring" value="Person Age"/>
                <config key="element_names">
                    <entry key="array-size" type="xint" value="0"/>
                </config>
                <config key="column_type">
                    <entry key="cell_class" type="xstring" value="org.knime.core.data.def.IntCell"/>
                </config>
                <config key="column_domain">
                    <config key="lower_bound">
                        <entry key="datacell" type="xstring" value="org.knime.core.data.def.IntCell"/>
                        <config key="org.knime.core.data.def.IntCell">
                            <entry key="IntCell" type="xint" value="1"/>
                        </config>
                    </config>
                    <config key="upper_bound">
                        <entry key="datacell" type="xstring" value="org.knime.core.data.def.IntCell"/>
                        <config key="org.knime.core.data.def.IntCell">
                            <entry key="IntCell" type="xint" value="99"/>
                        </config>
                    </config>
                </config>
                <config key="column_properties"/>
                <config key="meta_data"/>
            </config>
            <config key="column_spec_8">
                <entry key="column_name" type="xstring" value="Person Vehicle Position"/>
                <config key="element_names">
                    <entry key="array-size" type="xint" value="0"/>
                </config>
                <config key="column_type">
                    <entry key="cell_class" type="xstring" value="org.knime.core.data.def.StringCell"/>
                </config>
                <config key="column_domain">
                    <config key="possible_values">
                        <entry key="array-size" type="xint" value="16"/>
                        <config key="0">
                            <entry key="datacell" type="xstring" value="org.knime.core.data.def.StringCell"/>
                            <config key="org.knime.core.data.def.StringCell">
                                <entry key="StringCell" type="xstring" value="Driver"/>
                            </config>
                        </config>
                        <config key="1">
                            <entry key="datacell" type="xstring" value="org.knime.core.data.def.StringCell"/>
                            <config key="org.knime.core.data.def.StringCell">
                                <entry key="StringCell" type="xstring" value="Other"/>
                            </config>
                        </config>
                        <config key="2">
                            <entry key="datacell" type="xstring" value="org.knime.core.data.def.StringCell"/>
                            <config key="org.knime.core.data.def.StringCell">
                                <entry key="StringCell" type="xstring" value="Unkown"/>
                            </config>
                        </config>
                        <config key="3">
                            <entry key="datacell" type="xstring" value="org.knime.core.data.def.StringCell"/>
                            <config key="org.knime.core.data.def.StringCell">
                                <entry key="StringCell" type="xstring" value="Front row, right outboard"/>
                            </config>
                        </config>
                        <config key="4">
                            <entry key="datacell" type="xstring" value="org.knime.core.data.def.StringCell"/>
                            <config key="org.knime.core.data.def.StringCell">
                                <entry key="StringCell" type="xstring" value="Second row, right outboard"/>
                            </config>
                        </config>
                        <config key="5">
                            <entry key="datacell" type="xstring" value="org.knime.core.data.def.StringCell"/>
                            <config key="org.knime.core.data.def.StringCell">
                                <entry key="StringCell" type="xstring" value="Second row, center"/>
                            </config>
                        </config>
                        <config key="6">
                            <entry key="datacell" type="xstring" value="org.knime.core.data.def.StringCell"/>
                            <config key="org.knime.core.data.def.StringCell">
                                <entry key="StringCell" type="xstring" value="Pedestrian"/>
                            </config>
                        </config>
                        <config key="7">
                            <entry key="datacell" type="xstring" value="org.knime.core.data.def.StringCell"/>
                            <config key="org.knime.core.data.def.StringCell">
                                <entry key="StringCell" type="xstring" value="Second row, left outboard"/>
                            </config>
                        </config>
                        <config key="8">
                            <entry key="datacell" type="xstring" value="org.knime.core.data.def.StringCell"/>
                            <config key="org.knime.core.data.def.StringCell">
                                <entry key="StringCell" type="xstring" value="Front row, center"/>
                            </config>
                        </config>
                        <config key="9">
                            <entry key="datacell" type="xstring" value="org.knime.core.data.def.StringCell"/>
                            <config key="org.knime.core.data.def.StringCell">
                                <entry key="StringCell" type="xstring" value="Third row, center"/>
                            </config>
                        </config>
                        <config key="10">
                            <entry key="datacell" type="xstring" value="org.knime.core.data.def.StringCell"/>
                            <config key="org.knime.core.data.def.StringCell">
                                <entry key="StringCell" type="xstring" value="Position unknown"/>
                            </config>
                        </config>
                        <config key="11">
                            <entry key="datacell" type="xstring" value="org.knime.core.data.def.StringCell"/>
                            <config key="org.knime.core.data.def.StringCell">
                                <entry key="StringCell" type="xstring" value="Outside passenger compartment"/>
                            </config>
                        </config>
                        <config key="12">
                            <entry key="datacell" type="xstring" value="org.knime.core.data.def.StringCell"/>
                            <config key="org.knime.core.data.def.StringCell">
                                <entry key="StringCell" type="xstring" value="Third row, left outboard"/>
                            </config>
                        </config>
                        <config key="13">
                            <entry key="datacell" type="xstring" value="org.knime.core.data.def.StringCell"/>
                            <config key="org.knime.core.data.def.StringCell">
                                <entry key="StringCell" type="xstring" value="Third row, right outboard"/>
                            </config>
                        </config>
                        <config key="14">
                            <entry key="datacell" type="xstring" value="org.knime.core.data.def.StringCell"/>
                            <config key="org.knime.core.data.def.StringCell">
                                <entry key="StringCell" type="xstring" value="Not Applicable"/>
                            </config>
                        </config>
                        <config key="15">
                            <entry key="datacell" type="xstring" value="org.knime.core.data.def.StringCell"/>
                            <config key="org.knime.core.data.def.StringCell">
                                <entry key="StringCell" type="xstring" value="Sitting on someone’s lap"/>
                            </config>
                        </config>
                    </config>
                </config>
                <config key="column_properties"/>
                <config key="meta_data"/>
            </config>
            <config key="column_spec_9">
                <entry key="column_name" type="xstring" value="Person Safety Gear"/>
                <config key="element_names">
                    <entry key="array-size" type="xint" value="0"/>
                </config>
                <config key="column_type">
                    <entry key="cell_class" type="xstring" value="org.knime.core.data.def.StringCell"/>
                </config>
                <config key="column_domain">
                    <config key="possible_values">
                        <entry key="array-size" type="xint" value="9"/>
                        <config key="0">
                            <entry key="datacell" type="xstring" value="org.knime.core.data.def.StringCell"/>
                            <config key="org.knime.core.data.def.StringCell">
                                <entry key="StringCell" type="xstring" value="Safety Device Used"/>
                            </config>
                        </config>
                        <config key="1">
                            <entry key="datacell" type="xstring" value="org.knime.core.data.def.StringCell"/>
                            <config key="org.knime.core.data.def.StringCell">
                                <entry key="StringCell" type="xstring" value="Unknown"/>
                            </config>
                        </config>
                        <config key="2">
                            <entry key="datacell" type="xstring" value="org.knime.core.data.def.StringCell"/>
                            <config key="org.knime.core.data.def.StringCell">
                                <entry key="StringCell" type="xstring" value="Not applicable"/>
                            </config>
                        </config>
                        <config key="3">
                            <entry key="datacell" type="xstring" value="org.knime.core.data.def.StringCell"/>
                            <config key="org.knime.core.data.def.StringCell">
                                <entry key="StringCell" type="xstring" value="No safety Device Used"/>
                            </config>
                        </config>
                        <config key="4">
                            <entry key="datacell" type="xstring" value="org.knime.core.data.def.StringCell"/>
                            <config key="org.knime.core.data.def.StringCell">
                                <entry key="StringCell" type="xstring" value="No safety Device present"/>
                            </config>
                        </config>
                        <config key="5">
                            <entry key="datacell" type="xstring" value="org.knime.core.data.def.StringCell"/>
                            <config key="org.knime.core.data.def.StringCell">
                                <entry key="StringCell" type="xstring" value="Helmet Used"/>
                            </config>
                        </config>
                        <config key="6">
                            <entry key="datacell" type="xstring" value="org.knime.core.data.def.StringCell"/>
                            <config key="org.knime.core.data.def.StringCell">
                                <entry key="StringCell" type="xstring" value="Other"/>
                            </config>
                        </config>
                        <config key="7">
                            <entry key="datacell" type="xstring" value="org.knime.core.data.def.StringCell"/>
                            <config key="org.knime.core.data.def.StringCell">
                                <entry key="StringCell" type="xstring" value="Another Safety Device Used"/>
                            </config>
                        </config>
                        <config key="8">
                            <entry key="datacell" type="xstring" value="org.knime.core.data.def.StringCell"/>
                            <config key="org.knime.core.data.def.StringCell">
                                <entry key="StringCell" type="xstring" value="Reflective Clothing Used"/>
                            </config>
                        </config>
                    </config>
                </config>
                <config key="column_properties"/>
                <config key="meta_data"/>
            </config>
            <config key="column_spec_10">
                <entry key="column_name" type="xstring" value="Vehicle Age"/>
                <config key="element_names">
                    <entry key="array-size" type="xint" value="0"/>
                </config>
                <config key="column_type">
                    <entry key="cell_class" type="xstring" value="org.knime.core.data.def.IntCell"/>
                </config>
                <config key="column_domain">
                    <config key="lower_bound">
                        <entry key="datacell" type="xstring" value="org.knime.core.data.def.IntCell"/>
                        <config key="org.knime.core.data.def.IntCell">
                            <entry key="IntCell" type="xint" value="0"/>
                        </config>
                    </config>
                    <config key="upper_bound">
                        <entry key="datacell" type="xstring" value="org.knime.core.data.def.IntCell"/>
                        <config key="org.knime.core.data.def.IntCell">
                            <entry key="IntCell" type="xint" value="100"/>
                        </config>
                    </config>
                </config>
                <config key="column_properties"/>
                <config key="meta_data"/>
            </config>
            <config key="column_spec_11">
                <entry key="column_name" type="xstring" value="Person Injury Severity"/>
                <config key="element_names">
                    <entry key="array-size" type="xint" value="0"/>
                </config>
                <config key="column_type">
                    <entry key="cell_class" type="xstring" value="org.knime.core.data.def.StringCell"/>
                </config>
                <config key="column_domain">
                    <config key="possible_values">
                        <entry key="array-size" type="xint" value="4"/>
                        <config key="0">
                            <entry key="datacell" type="xstring" value="org.knime.core.data.def.StringCell"/>
                            <config key="org.knime.core.data.def.StringCell">
                                <entry key="StringCell" type="xstring" value="Injury"/>
                            </config>
                        </config>
                        <config key="1">
                            <entry key="datacell" type="xstring" value="org.knime.core.data.def.StringCell"/>
                            <config key="org.knime.core.data.def.StringCell">
                                <entry key="StringCell" type="xstring" value="Unknown"/>
                            </config>
                        </config>
                        <config key="2">
                            <entry key="datacell" type="xstring" value="org.knime.core.data.def.StringCell"/>
                            <config key="org.knime.core.data.def.StringCell">
                                <entry key="StringCell" type="xstring" value="No injury"/>
                            </config>
                        </config>
                        <config key="3">
                            <entry key="datacell" type="xstring" value="org.knime.core.data.def.StringCell"/>
                            <config key="org.knime.core.data.def.StringCell">
                                <entry key="StringCell" type="xstring" value="Fatality"/>
                            </config>
                        </config>
                    </config>
                </config>
                <config key="column_properties"/>
                <config key="meta_data"/>
            </config>
        </config>
    </config>
</config>
